<?xml version="1.0" encoding="utf-8"?>
<package name="jsb/chrome">
  <include src="header.js"/>
  <include src="html5-dimensions.js"/>
  <include src="locale.js"/>
  <include src="colors.js"/>
  <include src="styleSheet.js"/>
  <include src="_MSIEShim.js"/>
  <include src="Popup.js"/>
  <include src="PopupWindow.js"/>
  <include src="MenuList.js"/>
  <include src="ToolTip.js"/>
  <include src="control.js"/>
  <include src="dropdown.js"/>
  <include src="combobox.js"/>
  <include src="number.js"/>
  <include src="range.js"/>
  <include src="html5-progressbar.js"/>
  <include src="slider.js"/>
  <include src="spinner.js"/>
  <include src="timepicker.js"/>
  <include src="datepicker.js"/>
  <include src="weekpicker.js"/>
  <include src="monthpicker.js"/>
  <include src="colorpicker.js"/>
  <include src="Rect.js"/>
  <include src="textresize.js"/>
  <include src="package.js"/>
</package>
