<?xml version="1.0" encoding="ISO-8859-1"?>
<bindings xmlns="http://www.mozilla.org/xbl">

<!-- provide the default path to moz-behaviors.xml (keep the #behavior suffix) -->
<binding id="behavior" extends="moz-behaviors.xml#behavior"/>

<!-- demonstrations -->
<binding id="test.htc" extends="#behavior"/>
<binding id="drag-box.htc" extends="#behavior"/>
<binding id="drag-me.htc" extends="#behavior"/>

<!-- example: multiple bindings -->
<binding id="example1.htc|example2.htc" extends="#behavior"/>

<!-- example: table binding -->
<binding id="table" extends="moz-behaviors.xml#table"/>
<binding id="test-td.htc" extends="#behavior"/>
<binding id="test-table.htc" extends="#table">
<implementation><constructor><![CDATA[
// you must hard-code the table's behavior file
//  (the path is relative to the containing page)
this.addBehavior("test-table.htc");
]]></constructor></implementation>
</binding>

</bindings>
