{
  "name": "base2.dom",
  "version": "2.0(beta1) [A]",
  "author": {
    "email": "dean.edwards@gmail.com"
  },
  "bugs": {
    "url": "http://code.google.com/p/base2/issues"
  },
  "_build": {
    "grade": "A",

    "require": "window,document,TypeError",

    "files": [
      "aa/header.js",
      "aa/_private.js",
      "selectors-api/CSSSelectorParser.js",
      "a/NodeSelector.js",
      "a/EventTarget.js",
      "aa/classList.js",
      "aa/style.js",
      "mutation.js",
      "aa/package.js",
      "a/bind.js"
    ]
  }
}