{
  "name": "base2.dom",
  "version": "[A] 2.0(beta1)",
  "author": {
    "email": "dean.edwards@gmail.com"
  },
  "bugs": {
    "url": "http://code.google.com/p/base2/issues"
  },
  "_build": {
    "grade": "a",

    "require": "window,document",

    "files": [
      "a/header.js",
      "a/_private.js",
      "selectors-api/CSSSelectorParser.js",
      "a/NodeSelector.js",
      "a/classList.js",
      "a/style.js",
      "mutation.js",
      "a/package.js",
      "a/bind.js"
    ]
  }
}