{
  "name": "jsb",
  "version": "1.0(beta1)",
  "description": "JavaScript Behaviors.",
  "homepage": "http://code.google.com/p/base2",
  "licenses": [
    {
      "type": "MIT",
      "url": "http://mit-license.org/"
    }
  ],
  "author": {
    "name": "Dean Edwards",
    "email": "dean.edwards@gmail.com",
    "web": "http://dean.edwards.name/"
  },
  "bugs": {
    "url": "http://code.google.com/p/base2/issues"
  },
  "_build": {
    "lite": true,

    "require": "base2.events,base2.dom",
    
    "files": [
      "header.js",
      "behavior.js",
      "Rule.js",
      "RuleList.js",
      "ExtendedNodeList.js",
      "capture.js",
      "events.js",
      "keyHandlers.js",
      "userData.js",
      "engine.js",
      "package.js",
      "fx/package.json"
    ]
  }
}